row_index,split,accession_id
0,train,ZS0025103467
1,train,ZS0025103467
2,train,ZS0025294556
7,train,ZS0025660046
8,train,ZS0025810559
9,train,ZS0025833020
10,train,ZS0025863719
11,train,ZS0025903992
12,train,ZS0025944912
15,train,ZS0025987039
17,train,ZS0026009966
18,train,ZS0026009966
19,train,ZS0026027387
20,train,ZS0026040363
21,train,ZS0026126056
22,train,ZS0026151238
23,train,ZS0026187035
24,train,ZS0026225884
25,train,ZS0026234405
26,train,ZS0026234405
27,train,ZS0026306070
28,train,ZS0026306197
29,train,ZS0026306197
30,train,ZS0026306197
36,train,ZS0026332607
37,train,ZS0026332607
40,train,ZS0026355217
41,train,ZS0026355217
42,train,ZS0026355217
43,train,ZS0026433050
44,train,ZS0026433050
46,train,ZS0026490599
47,train,ZS0026490599
48,train,ZS0026490599
53,train,ZS0026545469
58,train,ZS0026621459
59,train,ZS0026621459
60,train,ZS0026621459
61,train,ZS0026626542
62,train,ZS0026626542
63,train,ZS0026635039
64,train,ZS0026643325
65,train,ZS0026680729
66,train,ZS0026685617
67,train,ZS0026688475
75,train,ZS0026786570
76,train,ZS0026845742
77,train,ZS0026845742
82,train,ZS0026911346
84,train,ZS0026933597
88,train,ZS0026953761
89,train,ZS0026953761
92,train,ZS0026963345
93,train,ZS0026963345
94,train,ZS0026963345
96,train,ZS0026975313
97,train,ZS0026975313
98,train,ZS0026981562
102,train,ZS0027000363
103,train,ZS0027000363
104,train,ZS0027000363
108,train,ZS0027002577
110,train,ZS0027007243
111,train,ZS0027007243
112,train,ZS0027014496
113,train,ZS0027014496
114,train,ZS0027014496
120,train,ZS0027080440
121,train,ZS0027092660
126,train,ZS0027137555
128,train,ZS0027157196
131,train,ZS0027165669
136,train,ZS0027228948
137,train,ZS0027257819
142,train,ZS0027283260
143,train,ZS0027283260
144,train,ZS0027288355
146,train,ZS0027330220
147,train,ZS0027330220
150,train,ZS0027333747
151,train,ZS0027333747
152,train,ZS0027333804
153,train,ZS0027356994
157,train,ZS0027372446_1
158,train,ZS0027372446_1
160,train,ZS0027411873
161,train,ZS0027411873
162,train,ZS0027411873
163,train,ZS0027423062
164,train,ZS0027423062
165,train,ZS0027431610_1
167,train,ZS0027441667
168,train,ZS0027441667
169,train,ZS0027441667
170,train,ZS0027456789
171,train,ZS0027456789
172,train,ZS0027463648
173,train,ZS0027480292
177,train,ZS0027508684
178,train,ZS0027508684
179,train,ZS0027508684
180,train,ZS0027508684
184,train,ZS0027594868
185,train,ZS0027594868
186,train,ZS0027597932
189,train,ZS0027614527_1
190,train,ZS0027614527_1
191,train,ZS0027614527_1
193,train,ZS0027681242_2
194,train,ZS0027693661
195,train,ZS0027693661
196,train,ZS0027693661
197,train,ZS0027716052
198,train,ZS0027716052
199,train,ZS0027719495
200,train,ZS0027719495
204,train,ZS0027746701
205,train,ZS0027784131
207,train,ZS0027816124
208,train,ZS0027816124
209,train,ZS0027816124
216,train,ZS0027917568
217,train,ZS0027917568
218,train,ZS0027917568
220,train,ZS0027935108
221,train,ZS0027936616
222,train,ZS0027954347
223,train,ZS0027954347
224,train,ZS0027954347
228,train,ZS0027980428
229,train,ZS0027980428
230,train,ZS0027980428
233,train,ZS0028011871
234,train,ZS0028015624
235,train,ZS0028036619
236,train,ZS0028036619
239,train,ZS0028044358
240,train,ZS0028044358
241,train,ZS0028060533
242,train,ZS0028070033
243,train,ZS0028074843
244,train,ZS0028081443
245,train,ZS0028117389
246,train,ZS0028117389
248,train,ZS0028132476
249,train,ZS0028141710
250,train,ZS0028167715
251,train,ZS0028184129
252,train,ZS0028188056
253,train,ZS0028201334
254,train,ZS0028222982
255,train,ZS0028223364
256,train,ZS0028223364
257,train,ZS0028223364
259,train,ZS0028249632
260,train,ZS0028249632
261,train,ZS0028249632
262,train,ZS0028252541
263,train,ZS0028319565
264,train,ZS0028319565
265,train,ZS0028324207
266,train,ZS0028324207
267,train,ZS0028324207
268,train,ZS0028343690
269,train,ZS0028343690
270,train,ZS0028343690
271,train,ZS0028410679
272,train,ZS0028410679
273,train,ZS0028425456
277,train,ZS0028454989
278,train,ZS0028454989
279,train,ZS0028462142
283,train,ZS0028508202
287,train,ZS0028594873
288,train,ZS0028594873
289,train,ZS0028602706
293,train,ZS0028667651
294,train,ZS0028667651
295,train,ZS0028676499
296,train,ZS0028714622
297,train,ZS0028714622
298,train,ZS0028723405
299,train,ZS0028739814
300,train,ZS0028747121
301,train,ZS0028747121
302,train,ZS0028750956
303,train,ZS0028750956
304,train,ZS0028762845
307,train,ZS0028780279
308,train,ZS0028780279
309,train,ZS0028780279
310,train,ZS0028797358
311,train,ZS0028798977
312,train,ZS0028805498
313,train,ZS0028805683
314,train,ZS0028809067
317,train,ZS0028891117
318,train,ZS0028893735
319,train,ZS0028893735
320,train,ZS0028917116
321,train,ZS0028917116
323,train,ZS0028954738
324,train,ZS0028954738
328,train,ZS0028972194
329,train,ZS0028972194
330,train,ZS0028972194
331,train,ZS0028972769
332,train,ZS0028972769
333,train,ZS0028972769
334,train,ZS0028972769
335,train,ZS0029034279
336,train,ZS0029038138
337,train,ZS0029038138
338,train,ZS0029038138
339,train,ZS0029038138
340,train,ZS0029040398
341,train,ZS0029040398
342,train,ZS0029040398
346,train,ZS0029073829
347,train,ZS0029099094
348,train,ZS0029104007
354,train,ZS0029207384
355,train,ZS0029207384
356,train,ZS0029208955
357,train,ZS0029208955
360,train,ZS0029230201
361,train,ZS0029251925
362,train,ZS0029251925
363,train,ZS0029283591
368,train,ZS0029332830
371,train,ZS0029409908
372,train,ZS0029444273
373,train,ZS0029444273
374,train,ZS0029444273
375,train,ZS0029444273
376,train,ZS0029449240
377,train,ZS0029449240
378,train,ZS0029487001
379,train,ZS0029487001
381,train,ZS0029487833
382,train,ZS0029487833
383,train,ZS0029503198
384,train,ZS0029503198
385,train,ZS0029531821
386,train,ZS0029531821
387,train,ZS0029557782
389,train,ZS0029652220
392,train,ZS0029658167
393,train,ZS0029676013
394,train,ZS0029676013
397,train,ZS0029683499
398,train,ZS0029685626
399,train,ZS0029685626
403,train,ZS0029748996
404,train,ZS0029807530
405,train,ZS0029807530
406,train,ZS0029807530
410,train,ZS0029918802
411,train,ZS0029918802
420,train,ZS0029984435
421,train,ZS0029984435
422,train,ZS0029989547
423,train,ZS0029989921
424,train,ZS0029989921
425,train,ZS0030051633
426,train,ZS0030097582
428,train,ZS0030127591
429,train,ZS0030133859
430,train,ZS0030133859
431,train,ZS0030133859
432,train,ZS0030134060
443,train,ZS0030640276
444,train,ZS0030761148
445,train,ZS0030761148
448,train,ZS0030973388
449,train,ZS0031001478
450,train,ZS0031001478
451,train,ZS0031031885
453,train,ZS0031126132
456,train,ZS0031175314
457,train,ZS0031175314
458,train,ZS0031175481
459,train,ZS0031175481
462,train,ZS0031296920
465,train,ZS0031387272
466,train,ZS0031387272
467,train,ZS0031401148
468,train,ZS0031414748
469,train,ZS0031414748
470,train,ZS0031414748
471,train,ZS0031414948
472,train,ZS0031414948
474,train,ZS0031468504
475,train,ZS0031496134
476,train,ZS0031525621
477,train,ZS0031525621
481,train,ZS0031551560
482,train,ZS0031575449
483,train,ZS0031575449
491,train,ZS0031671090
492,train,ZS0031671090
493,train,ZS0031682789
494,train,ZS0031715793
495,train,ZS0031739494
496,train,ZS0031739494
502,train,ZS0031800080
503,train,ZS0031800080
507,train,ZS0031807219
508,train,ZS0031807219
509,train,ZS0031823202
510,train,ZS0031858978
513,train,ZS0031883947
514,train,ZS0031891825
515,train,ZS0031891825
518,train,ZS0031905996
526,train,ZS0031978574
527,train,ZS0031978574
528,train,ZS0032025218
529,train,ZS0032025218
530,train,ZS0032025218
531,train,ZS0032025218
535,train,ZS0032032996
536,train,ZS0032032996
537,train,ZS0032038629
538,train,ZS0032040253
541,train,ZS0032074566
542,train,ZS0032074566
543,train,ZS0032074959
544,train,ZS0032079540
545,train,ZS0032079982
546,train,ZS0032087231
550,train,ZS0032122173
551,train,ZS0032135271
552,train,ZS0032135271
553,train,ZS0032153059
554,train,ZS0032153059
557,train,ZS0032173854
558,train,ZS0032176687
559,train,ZS0032176687
562,train,ZS0032185326
563,train,ZS0032185326
566,train,ZS0032302395
567,train,ZS0032310713
568,train,ZS0032322189
569,train,ZS0032323216
570,train,ZS0032323216
571,train,ZS0032341049
573,train,ZS0032410914
574,train,ZS0032422946
578,train,ZS0032463191
579,train,ZS0032463191
580,train,ZS0032463191
581,train,ZS0032473745
582,train,ZS0032473745
583,train,ZS0032473745
586,train,ZS0032516701
587,train,ZS0032516701
591,train,ZS0032537561
592,train,ZS0032537561
598,train,ZS0032553971
601,train,ZS0032598679
602,train,ZS0032609465
603,train,ZS0032622136
604,train,ZS0032622136
606,train,ZS0032664850
607,train,ZS0032664850
608,train,ZS0032724545
610,train,ZS0032809491
616,train,ZS0032841537
617,train,ZS0032853193
618,train,ZS0032878270
619,train,ZS0032878270
620,train,ZS0032878270
624,train,ZS0032905498
628,train,ZS0032929445
629,train,ZS0032929445
630,train,ZS0032955185
631,train,ZS0032955185
633,train,ZS0033017689
634,train,ZS0033017689
635,train,ZS0033025281
636,train,ZS0033025281
640,train,ZS0033066015
643,train,ZS0033083736
647,train,ZS0033136327
648,train,ZS0033136327
649,train,ZS0033136327
650,train,ZS0033139384
651,train,ZS0033139384
652,train,ZS0033143873
653,train,ZS0033158644
654,train,ZS0033193489
655,train,ZS0033195155
656,train,ZS0033195155
657,train,ZS0033195155
658,train,ZS0033195155
660,train,ZS0033236954
661,train,ZS0033236954
665,train,ZS0033267662
666,train,ZS0033287779
667,train,ZS0033287779
668,train,ZS0033299643
669,train,ZS0033299643
670,train,ZS0033299643
671,train,ZS0033352314
673,train,ZS0033373722
674,train,ZS0033373722
675,train,ZS0033430824
676,train,ZS0033430824
677,train,ZS0033457883
678,train,ZS0033457883
679,train,ZS0033486867
683,train,ZS0033492435
684,train,ZS0033492435
685,train,ZS0033492435
689,train,ZS0033526201
693,train,ZS0033538930
694,train,ZS0033538930
695,train,ZS0033548305
696,train,ZS0033548305
697,train,ZS0033548305
698,train,ZS0033549481
699,train,ZS0033549481
708,train,ZS0033626031
709,train,ZS0033626031
712,train,ZS0033638211
713,train,ZS0033669200
714,train,ZS0033696794
720,train,ZS0033740141
722,train,ZS0033762181
725,train,ZS0033794257
726,train,ZS0033805265
728,train,ZS0033817673
729,train,ZS0033819754
730,train,ZS0033819754
731,train,ZS0033820410
732,train,ZS0033824801
733,train,ZS0033824801
734,train,ZS0033824801
739,train,ZS0033868356
740,train,ZS0033868356
743,train,ZS0033875389
744,train,ZS0033875389
745,train,ZS0033875389
746,train,ZS0033875389
749,train,ZS0033899471
750,train,ZS0033899471
751,train,ZS0033899471
752,train,ZS0033903311
756,train,ZS0033938392
757,train,ZS0033939131
758,train,ZS0033939131
759,train,ZS0033945250
760,train,ZS0033945250
761,train,ZS0034007009
762,train,ZS0034007009
763,train,ZS0034007009
764,train,ZS0034011018
765,train,ZS0034015683
766,train,ZS0034021634
767,train,ZS0034021634
768,train,ZS0034022687
771,train,ZS0034081433
772,train,ZS0034081433
773,train,ZS0034081681
774,train,ZS0034081681
775,train,ZS0034081681
776,train,ZS0034084519
777,train,ZS0034084519
778,train,ZS0034103742
779,train,ZS0034103742
780,train,ZS0034103742
781,train,ZS0034103742
782,train,ZS0034140992
783,train,ZS0034140992
786,train,ZS0034154587
787,train,ZS0034165809
788,train,ZS0034165809
789,train,ZS0034165809
790,train,ZS0034168747
795,train,ZS0034286559
796,train,ZS0034286559
797,train,ZS0034293347
798,train,ZS0034293347
799,train,ZS0034304654
800,train,ZS0034316542
801,train,ZS0034316542
802,train,ZS0034357996
803,train,ZS0034365454
804,train,ZS0034365454
805,train,ZS0034369087
806,train,ZS0034370666
807,train,ZS0034370666
808,train,ZS0034382086
810,train,ZS0034398121
811,train,ZS0034398121
812,train,ZS0034408233
813,train,ZS0034408233
814,train,ZS0034409427
815,train,ZS0034409427
816,train,ZS0034438708
817,train,ZS0034438708
818,train,ZS0034446419
819,train,ZS0034446419
820,train,ZS0034446419
821,train,ZS0034448590
822,train,ZS0034448590
823,train,ZS0034448590
828,train,ZS0034493821
832,train,ZS0034556286
833,train,ZS0034556286
834,train,ZS0034556286
835,train,ZS0034556286
836,train,ZS0034600230
837,train,ZS0034600230
838,train,ZS0034609900
842,train,ZS0034684627
843,train,ZS0034684627
847,train,ZS0034835632
848,train,ZS0034839906
851,train,ZS0034876962
852,train,ZS0034876962
853,train,ZS0034938558
854,train,ZS0034938558
855,train,ZS0034946868
856,train,ZS0034958767
857,train,ZS0034958767
858,train,ZS0034960686
859,train,ZS0034960686
860,train,ZS0035001862
861,train,ZS0035010886
862,train,ZS0035010886
864,train,ZS0035067422
865,train,ZS0035073994
866,train,ZS0035074303
867,train,ZS0035074303
868,train,ZS0035076929
869,train,ZS0035081823
870,train,ZS0035081823
871,train,ZS0035086453
872,train,ZS0035086453
873,train,ZS0035087851
874,train,ZS0035087851
878,train,ZS0035119765
879,train,ZS0035119765
880,train,ZS0035149633
881,train,ZS0035156414
882,train,ZS0035157012
883,train,ZS0035162733
884,train,ZS0035172231
887,train,ZS0035208067
888,train,ZS0035210329
889,train,ZS0035210329
899,train,ZS0035246735
903,train,ZS0035264488
904,train,ZS0035296399
905,train,ZS0035296399
907,train,ZS0035323433
908,train,ZS0035348315
911,train,ZS0035360202
912,train,ZS0035360202
913,train,ZS0035360202
914,train,ZS0035387608
915,train,ZS0035387608
916,train,ZS0035611033
917,train,ZS0035611033
918,train,ZS0035611033
919,train,ZS0035611033
922,train,ZS0035641203
923,train,ZS0035641203
924,train,ZS0035644069
925,train,ZS0035644999
926,train,ZS0035677500
927,train,ZS0035711960
928,train,ZS0035711960
929,train,ZS0035713164
930,train,ZS0035713164
931,train,ZS0035713164
932,train,ZS0035743118
933,train,ZS0035746707
934,train,ZS0035746707
939,train,ZS0035803450
940,train,ZS0035822940
945,train,ZS0035856688_1
946,train,ZS0035856688_1
947,train,ZS0035858726
948,train,ZS0035858726
949,train,ZS0035867360
950,train,ZS0035867360
953,train,ZS0035919786
954,train,ZS0035919786
957,train,ZS0035925797
958,train,ZS0035925797
959,train,ZS0035925797
960,train,ZS0035930344
961,train,ZS0035930344
964,train,ZS0035954477
965,train,ZS0035954477
966,train,ZS0035968463
967,train,ZS0035968675
972,train,ZS0036007971
974,train,ZS0036032382
975,train,ZS0036032382
976,train,ZS0036079483
977,train,ZS0036079483
978,train,ZS0036079483
979,train,ZS0036079483
980,train,ZS0036086579
981,train,ZS0036086579
984,train,ZS0036096317
985,train,ZS0036110186
986,train,ZS0036110186
988,train,ZS0036129997
989,train,ZS0036151417
993,train,ZS0036255788
994,train,ZS0036258860
995,train,ZS0036266370
997,train,ZS0036270119
998,train,ZS0036270119
999,train,ZS0036280309
1000,train,ZS0036281986
1001,train,ZS0036283050
1002,train,ZS0036283050
1009,train,ZS0036416045
1010,train,ZS0036416077
1011,train,ZS0036436413
1012,train,ZS0036439117
1013,train,ZS0036446088
1014,train,ZS0036455311
1015,train,ZS0036547114
1018,train,ZS0036627516
1019,train,ZS0036627516
1022,train,ZS0036682916
1023,train,ZS0036697620
1024,train,ZS0036705824
1025,train,ZS0036705824
1026,train,ZS0036709839
1027,train,ZS0036709839
1031,train,ZS0036751827
1032,train,ZS0036751827
1033,train,ZS0036753552
1034,train,ZS0036779597_1
1036,train,ZS0036797086
1037,train,ZS0036797086
1044,train,ZS0036827924
1045,train,ZS0036827924
1048,train,ZS0036852110
1050,train,ZS0036859677
1051,train,ZS0036859677
1052,train,ZS0036859677
1053,train,ZS0036879695
1054,train,ZS0036894384
1055,train,ZS0036894384
1056,train,ZS0036894384
1059,train,ZS0036924092
1060,train,ZS0036924092
1061,train,ZS0036932438
1062,train,ZS0036932438
1063,train,ZS0036958164
1068,train,ZS0036998489
1069,train,ZS0037018973
1073,train,ZS0037022196
1074,train,ZS0037022196
1075,train,ZS0037060966
1076,train,ZS0037060966
1077,train,ZS0037071349
1078,train,ZS0037071349
1079,train,ZS0037076892
1080,train,ZS0037076892
1081,train,ZS0037076892
1087,train,ZS0037089385
1088,train,ZS0037089385
1089,train,ZS0037097043
1090,train,ZS0037098874
1092,train,ZS0037103330
1094,train,ZS0037154301
1095,train,ZS0037154301
1096,train,ZS0037169101
1097,train,ZS0037185516
1098,train,ZS0037193554
1099,train,ZS0037193554
1101,train,ZS0037206145
1102,train,ZS0037206145
1103,train,ZS0037206145
1104,train,ZS0037208086
1105,train,ZS0037208086
1106,train,ZS0037209294
1107,train,ZS0037209294
1108,train,ZS0037210848
1109,train,ZS0037222578
1110,train,ZS0037222578
1114,train,ZS0037264863
1117,train,ZS0037286163
1118,train,ZS0037286163
1119,train,ZS0037311161
1120,train,ZS0037319327
1121,train,ZS0037319327
1122,train,ZS0037334473
1127,train,ZS0037371359
1128,train,ZS0037384616
1129,train,ZS0037384616
1132,train,ZS0037455718
1133,train,ZS0037500434
1134,train,ZS0037500434
1136,train,ZS0037511556
1137,train,ZS0037555528
1138,train,ZS0037555528
1139,train,ZS0037555528
1140,train,ZS0037555528
1141,train,ZS0037555945
1142,train,ZS0037555945
1143,train,ZS0037555945
1144,train,ZS0037557746
1145,train,ZS0037562224
1148,train,ZS0037584444
1149,train,ZS0037611904
1150,train,ZS0037611904
1151,train,ZS0037611904
1152,train,ZS0037650361
1153,train,ZS0037650361
1156,train,ZS0037671221
1158,train,ZS0037711410
1160,train,ZS0037757405
1161,train,ZS0037757405
1165,train,ZS0037820044
1166,train,ZS0037820044
1167,train,ZS0037835299
1168,train,ZS0037838804
1169,train,ZS0037838804
1170,train,ZS0037838804
1171,train,ZS0037838804
1177,train,ZS0037868518
1178,train,ZS0037868518
1179,train,ZS0037869875
1180,train,ZS0037873184
1184,train,ZS0037911232
1185,train,ZS0037911232
1186,train,ZS0037911323
1187,train,ZS0037911323
1188,train,ZS0037911323
1190,train,ZS0037935617
1191,train,ZS0037935617
1192,train,ZS0037965410
1193,train,ZS0037965410
1197,train,ZS0038006298
1198,train,ZS0038006298
1201,train,ZS0038014472
1202,train,ZS0038014472
1203,train,ZS0038014472
1204,train,ZS0038027452
1205,train,ZS0038041515
1206,train,ZS0038041515
1207,train,ZS0038049510
1208,train,ZS0038049510
1209,train,ZS0038066499
1215,train,ZS0038088882_1
1220,train,ZS0038120001
1221,train,ZS0038120001
1222,train,ZS0038147690
1224,train,ZS0038189754
1225,train,ZS0038189754
1226,train,ZS0038189754
1227,train,ZS0038214002
1233,train,ZS0038295864
1234,train,ZS0038295864
1237,train,ZS0038359545
1243,train,ZS0038384016
1244,train,ZS0038430855
1245,train,ZS0038430855
1246,train,ZS0038470656
1247,train,ZS0038470656
1250,train,ZS0038490883
1251,train,ZS0038490883
1252,train,ZS0038499502
1261,train,ZS0038527359
1262,train,ZS0038527359
1263,train,ZS0038544397
1264,train,ZS0038544397
1265,train,ZS0038544397
1266,train,ZS0038597839
1267,train,ZS0038620287
1268,train,ZS0038620287
1269,train,ZS0038620287
1276,train,ZS0038647100
1282,train,ZS0038695123
1283,train,ZS0038695123
1285,train,ZS0038752249
1287,train,ZS0038769412
1288,train,ZS0038786629
1289,train,ZS0038787581
1290,train,ZS0038787581
1291,train,ZS0038792250
1292,train,ZS0038792250
1293,train,ZS0038792250
1294,train,ZS0038802708
1295,train,ZS0038804995
1296,train,ZS0038804995
1297,train,ZS0038812605
1298,train,ZS0038812605
1299,train,ZS0038814291
1300,train,ZS0038814291
1301,train,ZS0038817009
1302,train,ZS0038836448
1303,train,ZS0038836448
1313,train,ZS0038903951
1314,train,ZS0038903951
1315,train,ZS0038903951
1319,train,ZS0038942352
1320,train,ZS0038943189
1321,train,ZS0038943189
1322,train,ZS0038945465
1324,train,ZS0038963464
1325,train,ZS0038977375
1326,train,ZS0038977375
1327,train,ZS0038977375
1330,train,ZS0038984973
1335,train,ZS0039002825
1336,train,ZS0039002825
1337,train,ZS0039002825
1338,train,ZS0039006017
1339,train,ZS0039008816
1340,train,ZS0039008816
1341,train,ZS0039008816
1342,train,ZS0039008816
1344,train,ZS0039040424
1345,train,ZS0039088926
1346,train,ZS0039088926
1347,train,ZS0039088926
1348,train,ZS0039088926
1349,train,ZS0039088926
1350,train,ZS0039093387
1354,train,ZS0039127827
1356,train,ZS0039150443
1357,train,ZS0039152395
1360,train,ZS0039179186
1361,train,ZS0039179186
1362,train,ZS0039179186
1363,train,ZS0039192484
1364,train,ZS0039236871
1365,train,ZS0039257571
1368,train,ZS0039282927
1369,train,ZS0039282927
1370,train,ZS0039282927
1371,train,ZS0039315372
1372,train,ZS0039319014
1373,train,ZS0039324859
1374,train,ZS0039324859
1375,train,ZS0039324859
1382,train,ZS0039390528
1383,train,ZS0039392870
1384,train,ZS0039392870
1385,train,ZS0039403695
1386,train,ZS0039403695
1390,train,ZS0039480231
1394,train,ZS0039511264
1395,train,ZS0039511264
1396,train,ZS0039528097
1397,train,ZS0039528097
1400,train,ZS0039546553
1401,train,ZS0039548600
1402,train,ZS0039548600
1405,train,ZS0039575467
1407,train,ZS0039589282
1408,train,ZS0039589282
1409,train,ZS0039589282
1410,train,ZS0039633287
1411,train,ZS0039633287
1412,train,ZS0039633287
1413,train,ZS0039639835
1414,train,ZS0039654151
1416,train,ZS0039667508
1417,train,ZS0039685781
1418,train,ZS0039687361
1419,train,ZS0039687361
1420,train,ZS0039699190
1421,train,ZS0039699190
1422,train,ZS0039699190
1423,train,ZS0039734179
1425,train,ZS0039773342
1426,train,ZS0039781922
1427,train,ZS0039781922
1430,train,ZS0039807775
1431,train,ZS0039818756
1432,train,ZS0039818756
1437,train,ZS0039832172
1438,train,ZS0039840835
1441,train,ZS0039909544_1
1443,train,ZS0039917064
1444,train,ZS0039917064
1445,train,ZS0039925709
1446,train,ZS0039925709
1447,train,ZS0039929714
1448,train,ZS0039929714
1449,train,ZS0039940533
1450,train,ZS0039940533
1451,train,ZS0039949888
1452,train,ZS0039949888
1455,train,ZS0039961541
1456,train,ZS0039962690
1457,train,ZS0040014731
1458,train,ZS0040014731
1459,train,ZS0040026794
1460,train,ZS0040035515
1461,train,ZS0040035515
1465,train,ZS0040046362_1
1466,train,ZS0040046362_1
1470,train,ZS0040084040
1471,train,ZS0040086825
1474,train,ZS0040101651
1475,train,ZS0040101651
1483,train,ZS0040163143
1484,train,ZS0040178029
1485,train,ZS0040178029
1488,train,ZS0040194693
1489,train,ZS0040200764
1490,train,ZS0040213372
1491,train,ZS0040247006
1492,train,ZS0040252042
1493,train,ZS0040252042
1494,train,ZS0040252042
1497,train,ZS0040278300
1498,train,ZS0040283820
1499,train,ZS0040283820
1500,train,ZS0040311375
1501,train,ZS0040311375
1502,train,ZS0040311375
1504,train,ZS0040333985
1505,train,ZS0040358157
1507,train,ZS0040406499
1508,train,ZS0040411279
1509,train,ZS0040411279
1510,train,ZS0040431184
1511,train,ZS0040431184
1512,train,ZS0040431184
1513,train,ZS0040443076
1514,train,ZS0040447441
1515,train,ZS0040447441
1518,train,ZS0040464186
1519,train,ZS0040464186
1520,train,ZS0040473611
1521,train,ZS0040473611
1524,train,ZS0040498036
1525,train,ZS0040502636
1526,train,ZS0040510677
1528,train,ZS0040530891
1529,train,ZS0040535401
1530,train,ZS0040535502
1531,train,ZS0040539343
1532,train,ZS0040539343
1533,train,ZS0040539343
1534,train,ZS0040539343
1535,train,ZS0040540797
1536,train,ZS0040541354
1537,train,ZS0040545642
1538,train,ZS0040545642
1539,train,ZS0040545642
1540,train,ZS0040559204
1541,train,ZS0040559204
1542,train,ZS0040587277
1543,train,ZS0040592857
1544,train,ZS0040592857
1545,train,ZS0040592857
1547,train,ZS0040602179
1550,train,ZS0040627471
1551,train,ZS0040627471
1552,train,ZS0040627471
1553,train,ZS0040666178
1554,train,ZS0040666178
1555,train,ZS0040666178
1556,train,ZS0040667368
1557,train,ZS0040667368
1559,train,ZS0040702502
1560,train,ZS0040713420
1564,train,ZS0040747141
1565,train,ZS0040749368
1566,train,ZS0040749420
1567,train,ZS0040749420
1568,train,ZS0040776035
1569,train,ZS0040776035
1573,train,ZS0040793865
1577,train,ZS0040836650
1578,train,ZS0040836650
1579,train,ZS0040865580
1580,train,ZS0040868604
1581,train,ZS0040879680
1582,train,ZS0040879680
1583,train,ZS0040886219
1584,train,ZS0040886219
1587,train,ZS0040897144
1589,train,ZS0040902740
1590,train,ZS0040902740
1593,train,ZS0040912171
1597,train,ZS0040921644
1598,train,ZS0040945475
1600,train,ZS0040980146
1601,train,ZS0041006902
1602,train,ZS0041006902
1603,train,ZS0041006902
1604,train,ZS0041006902
1605,train,ZS0041022685
1606,train,ZS0041024685
1607,train,ZS0041024685
1608,train,ZS0041024685
1609,train,ZS0041024685
1611,train,ZS0041053385_1
1612,train,ZS0041055921
1613,train,ZS0041055921
1614,train,ZS0041096380
1615,train,ZS0041096380
1616,train,ZS0041096380
1617,train,ZS0041121740
1618,train,ZS0041121740
1619,train,ZS0041142285
1620,train,ZS0041163281
1621,train,ZS0041163281
1622,train,ZS0041163281
1623,train,ZS0041197088
1628,train,ZS0041240236
1632,train,ZS0041278999
1633,train,ZS0041309461
1634,train,ZS0041309461
1638,train,ZS0041356605
1639,train,ZS0041358731
1640,train,ZS0041358731
1641,train,ZS0041368551
1642,train,ZS0041375825
1646,train,ZS0041400163
1647,train,ZS0041421282
1648,train,ZS0041421282
1649,train,ZS0041457469
1651,train,ZS0041489310
1652,train,ZS0041489310
1653,train,ZS0041489310
1657,train,ZS0041563490
1658,train,ZS0041587459
1659,train,ZS0041587459
1663,train,ZS0041668866
1664,train,ZS0041668866
1665,train,ZS0041668866
1666,train,ZS0041680947
1667,train,ZS0041680947
1669,train,ZS0041695607
1670,train,ZS0041695607
1671,train,ZS0041695607
1672,train,ZS0041707940
1673,train,ZS0041707940
1674,train,ZS0041707940
1675,train,ZS0041707940
1676,train,ZS0041707940
1679,train,ZS0041752156
1680,train,ZS0041805078
1682,train,ZS0041815937
1683,train,ZS0041840047
1684,train,ZS0041847054
1685,train,ZS0041882899
1686,train,ZS0041883932
1689,train,ZS0041897654
1690,train,ZS0041897654
1693,train,ZS0041936336
1694,train,ZS0041939597
1695,train,ZS0041939597
1698,train,ZS0041953729
1699,train,ZS0041991183
1700,train,ZS0041991183
1701,train,ZS0041996588
1702,train,ZS0041996588
1707,train,ZS0042030067
1708,train,ZS0042030067
1711,train,ZS0042043234
1712,train,ZS0042043477
1713,train,ZS0042043477
1714,train,ZS0042043477
1715,train,ZS0042049135
1716,train,ZS0042049135
1717,train,ZS0042054060
1718,train,ZS0042061167
1719,train,ZS0042067857
1720,train,ZS0042067857
1721,train,ZS0042067857
1722,train,ZS0042070473
1723,train,ZS0042108562
1724,train,ZS0042118851
1725,train,ZS0042142292
1726,train,ZS0042153893
1727,train,ZS0042153893
1728,train,ZS0042156513
1729,train,ZS0042183351
1730,train,ZS0042183351
1731,train,ZS0042191335
1732,train,ZS0042191335
1733,train,ZS0042194315
1734,train,ZS0042194315
1736,train,ZS0042261561
1737,train,ZS0042261561
1740,train,ZS0042355493
1741,train,ZS0042355493
1742,train,ZS0042358604
1746,train,ZS0042383262
1747,train,ZS0042384893
1748,train,ZS0042406744
1754,train,ZS0042530741
1755,train,ZS0042530741
1758,train,ZS0042543493
1759,train,ZS0042549113
1760,train,ZS0042571432
1761,train,ZS0042582521
1762,train,ZS0042582521
1770,train,ZS0042619000
1771,train,ZS0042619000
1772,train,ZS0042619000
1773,train,ZS0042619308
1774,train,ZS0042619308
1780,train,ZS0042645999_1
1781,train,ZS0042645999_1
1782,train,ZS0042648688
1783,train,ZS0042648688
1784,train,ZS0042648688
1785,train,ZS0042690641
1786,train,ZS0042705764
1787,train,ZS0042707623
1788,train,ZS0042707623
1789,train,ZS0042744464
1790,train,ZS0042744464
1794,train,ZS0042753791
1795,train,ZS0042777395
1796,train,ZS0042794521
1797,train,ZS0042794521
1799,train,ZS0042829703
1800,train,ZS0042829703
1802,train,ZS0042860758
1803,train,ZS0042860758
1804,train,ZS0042861383
1805,train,ZS0042861383
1806,train,ZS0042861383
1807,train,ZS0042870507
1811,train,ZS0042924454
1812,train,ZS0042933175
1813,train,ZS0042933175
1814,train,ZS0042952266
1817,train,ZS0042981776
1818,train,ZS0042981776
1819,train,ZS0042981776
1820,train,ZS0043012174
1821,train,ZS0043012174
1822,train,ZS0043018479
1823,train,ZS0043018479
1824,train,ZS0043018479
1827,train,ZS0043162609
1828,train,ZS0043162609
1830,train,ZS0043237376
1831,train,ZS0043299015
1832,train,ZS0043299015
1833,train,ZS0043369296
1834,train,ZS0043369296
1835,train,ZS0043369296
1837,train,ZS0043376031
1838,train,ZS0043376031
1839,train,ZS0043390131
1840,train,ZS0043390131
1844,train,ZS0043479165
1850,train,ZS0043547281
1851,train,ZS0043547281
1852,train,ZS0043547281
1853,train,ZS0043548344
1854,train,ZS0043548344
1855,train,ZS0043592043
1856,train,ZS0043603608
1857,train,ZS0043603608
1863,train,ZS0043671620
1864,train,ZS0043671620
1865,train,ZS0043671873
1866,train,ZS0043692598
1867,train,ZS0043694470
1868,train,ZS0043694470
1869,train,ZS0043762085
1870,train,ZS0043762085
1876,train,ZS0043789020
1877,train,ZS0043789020
1878,train,ZS0043815456
1879,train,ZS0043815456
1882,train,ZS0043828215
1883,train,ZS0043828215
1884,train,ZS0043828215
1886,train,ZS0043860679
1887,train,ZS0043861176
1888,train,ZS0043861176
1889,train,ZS0043861176
1890,train,ZS0043868948
1891,train,ZS0043868948
1892,train,ZS0043871274
1896,train,ZS0043879138
1900,train,ZS0043977440
1901,train,ZS0043982458
1902,train,ZS0043991344
1903,train,ZS0043991344
1904,train,ZS0044030508
1905,train,ZS0044062048
1906,train,ZS0044071417
1907,train,ZS0044095331
1908,train,ZS0044095331
1909,train,ZS0044115091
1910,train,ZS0044127731
1911,train,ZS0044127731
1912,train,ZS0044127731
1913,train,ZS0044153875
1914,train,ZS0044177216
1915,train,ZS0044177216
1916,train,ZS0044234207
1917,train,ZS0044234207
1918,train,ZS0044243146
1919,train,ZS0044243146
1920,train,ZS0044243146
1921,train,ZS0044297334
1922,train,ZS0044322150
1924,train,ZS0044395610
1925,train,ZS0044395610
1926,train,ZS0044517389
1927,train,ZS0044517389
1928,train,ZS0044603370
1929,train,ZS0044603370
1932,train,ZS0044621054
1933,train,ZS0044623022
1934,train,ZS0044623022
1939,train,ZS0044652523
1940,train,ZS0044706062
1941,train,ZS0044730136
1943,train,ZS0044761704
1944,train,ZS0044761704
1946,train,ZS0044825493
1947,train,ZS0044842898
1948,train,ZS0044902628
1949,train,ZS0044902940
1950,train,ZS0044908517
1951,train,ZS0044908517
1952,train,ZS0044908517
1953,train,ZS0044945744
1954,train,ZS0044959692
1957,train,ZS0044993593
1958,train,ZS0045016668
1963,train,ZS0045095594
1966,train,ZS0045143615
1967,train,ZS0045144901
1968,train,ZS0045144901
1969,train,ZS0045144901
1970,train,ZS0045174340
1971,train,ZS0045174340
1975,train,ZS0045339324
1976,train,ZS0045372390
1977,train,ZS0045465406
1980,train,ZS0045475645
1981,train,ZS0045509640
1982,train,ZS0045509640
1985,train,ZS0045568243
1986,train,ZS0045569560
1987,train,ZS0045631541
1988,train,ZS0045631541
1989,train,ZS0045713145
1990,train,ZS0045713145
1991,train,ZS0045713661
1994,train,ZS0045739300
1995,train,ZS0045740335
1999,train,ZS0045746619
2000,train,ZS0045746619
2006,train,ZS0045764715
2007,train,ZS0045765477
2008,train,ZS0045765477
2009,train,ZS0045765477
2010,train,ZS0045773914
2011,train,ZS0045773914
2012,train,ZS0045775173
2016,train,ZS0045879759
2018,train,ZS0045910754
2019,train,ZS0045916956_1
2020,train,ZS0045916956_1
2021,train,ZS0045938356
2025,train,ZS0045961774
2026,train,ZS0045961774
2027,train,ZS0045962936
2028,train,ZS0045982257
2029,train,ZS0045991246
2030,train,ZS0046019761
2033,train,ZS0046111444
2034,train,ZS0046125115
2035,train,ZS0046125115
2036,train,ZS0046125115
2038,train,ZS0046164261
2039,train,ZS0046164261
2040,train,ZS0046164261
2041,train,ZS0046214186
2042,train,ZS0046239951
2043,train,ZS0046317264
2044,train,ZS0046317264
2045,train,ZS0046330143
2052,train,ZS0046415570
2053,train,ZS0046424986
2054,train,ZS0046424986
2056,train,ZS0046480781
2057,train,ZS0046480781
2058,train,ZS0046480781
2059,train,ZS0046480781
2060,train,ZS0046484534
2061,train,ZS0046484534
2062,train,ZS0046484534
2063,train,ZS0046561888
2064,train,ZS0046570162
2065,train,ZS0046570162
2068,train,ZS0046590553
2069,train,ZS0046590553
2076,train,ZS0046719385
2078,train,ZS0046750802
2079,train,ZS0046845458
2080,train,ZS0046875514
2081,train,ZS0046875514
2083,train,ZS0046900619
2084,train,ZS0046909974
2085,train,ZS0047024425
2086,train,ZS0047024425
2087,train,ZS0047024425
2091,train,ZS0047145026
2092,train,ZS0047145026
2093,train,ZS0047145026
2094,train,ZS0047201535
2095,train,ZS0047273426
2096,train,ZS0047273426
2099,train,ZS0047300092
2100,train,ZS0047316137
2101,train,ZS0047316137
2102,train,ZS0047355112
2103,train,ZS0047355112
2104,train,ZS0047359642_1
2105,train,ZS0047359642_1
2107,train,ZS0047435102
2108,train,ZS0047435102
2113,train,ZS0047487802
2114,train,ZS0047491067
2115,train,ZS0047491067
2116,train,ZS0047491067
2117,train,ZS0047492589
2121,train,ZS0047540952
2122,train,ZS0047540952
2125,train,ZS0047640292
2126,train,ZS0047640292
2128,train,ZS0047669464
2129,train,ZS0047684472
2130,train,ZS0047684472
2134,train,ZS0047746195
2135,train,ZS0047746370
2136,train,ZS0047746370
2138,train,ZS0047796642
2139,train,ZS0047796642
2141,train,ZS0047835346
2142,train,ZS0047835346
2146,train,ZS0047929685
2147,train,ZS0047929685
2148,train,ZS0047934958
2149,train,ZS0047934958
2150,train,ZS0047945181
2151,train,ZS0047945181
2153,train,ZS0047999997
2154,train,ZS0047999997
2155,train,ZS0048009283
2156,train,ZS0048009283
2157,train,ZS0048009283
2158,train,ZS0048026522
2160,train,ZS0048121528
2161,train,ZS0048147694
2162,train,ZS0048147694
2163,train,ZS0048183052
2164,train,ZS0048185090
2165,train,ZS0048185090
2168,train,ZS0048205306
2169,train,ZS0048205306
2170,train,ZS0048243762
2171,train,ZS0048296032
2172,train,ZS0048296032
2173,train,ZS0048329842
2174,train,ZS0048356001
2175,train,ZS0048356001
2176,train,ZS0048356001
2177,train,ZS0048426662
2182,train,ZS0048512874
2184,train,ZS0048625075
2191,train,ZS0048691815
2192,train,ZS0048691815
2193,train,ZS0048691815
2194,train,ZS0048706225
2197,train,ZS0048946974
2198,train,ZS0048946974
2199,train,ZS0048946974
2202,train,ZS0049221651
2203,train,ZS0049221651
2204,train,ZS0049221651
2205,train,ZS0049335187
2206,train,ZS0049335187
2207,train,ZS0049385050
3,val,ZS0025444396
4,val,ZS0025584626
5,val,ZS0025584626
6,val,ZS0025584626
13,val,ZS0025952748
14,val,ZS0025952748
16,val,ZS0026007954
33,val,ZS0026316408
34,val,ZS0026316408
35,val,ZS0026316408
38,val,ZS0026334529
39,val,ZS0026334529
54,val,ZS0026565769_1
55,val,ZS0026565769_1
56,val,ZS0026607232
57,val,ZS0026607232
73,val,ZS0026747889
74,val,ZS0026747889
85,val,ZS0026937759
99,val,ZS0026996001
100,val,ZS0026996001
101,val,ZS0026996001
115,val,ZS0027016573
116,val,ZS0027016573
117,val,ZS0027016573
118,val,ZS0027027658
122,val,ZS0027118102
123,val,ZS0027118102
124,val,ZS0027130650
125,val,ZS0027130650
132,val,ZS0027214431
138,val,ZS0027259837
139,val,ZS0027262166
140,val,ZS0027262166
145,val,ZS0027309008
148,val,ZS0027332458
149,val,ZS0027332458
154,val,ZS0027370395
155,val,ZS0027370395
156,val,ZS0027370395
159,val,ZS0027400626
174,val,ZS0027483517
183,val,ZS0027575320
201,val,ZS0027745077
202,val,ZS0027745077
203,val,ZS0027745077
210,val,ZS0027889311
211,val,ZS0027889311
212,val,ZS0027889311
213,val,ZS0027890187
214,val,ZS0027890187
215,val,ZS0027890187
225,val,ZS0027958176
226,val,ZS0027964484
227,val,ZS0027964484
231,val,ZS0028000140
232,val,ZS0028000140
237,val,ZS0028039692
238,val,ZS0028039692
247,val,ZS0028119775
275,val,ZS0028436701
276,val,ZS0028436701
280,val,ZS0028484314
286,val,ZS0028568994
315,val,ZS0028841820
343,val,ZS0029048968
344,val,ZS0029048968
345,val,ZS0029048968
358,val,ZS0029227518
359,val,ZS0029227518
364,val,ZS0029295095
365,val,ZS0029295095
380,val,ZS0029487704
395,val,ZS0029678999
396,val,ZS0029678999
412,val,ZS0029924230
413,val,ZS0029924230
417,val,ZS0029947390
418,val,ZS0029947390
419,val,ZS0029947390
433,val,ZS0030181050
434,val,ZS0030181050
438,val,ZS0030281661
439,val,ZS0030281661
442,val,ZS0030477789
447,val,ZS0030818613
454,val,ZS0031132300
455,val,ZS0031132300
487,val,ZS0031664672
488,val,ZS0031664672
504,val,ZS0031802185
505,val,ZS0031802185
506,val,ZS0031802185
519,val,ZS0031907262
520,val,ZS0031907262
521,val,ZS0031907262
522,val,ZS0031907262
532,val,ZS0032029113
533,val,ZS0032029113
534,val,ZS0032029113
548,val,ZS0032114354
549,val,ZS0032114354
555,val,ZS0032154101
556,val,ZS0032166956
564,val,ZS0032196663
565,val,ZS0032196663
584,val,ZS0032504317
585,val,ZS0032504317
588,val,ZS0032523552
589,val,ZS0032523552
612,val,ZS0032817018
621,val,ZS0032902975
622,val,ZS0032902975
623,val,ZS0032902975
638,val,ZS0033065217
639,val,ZS0033065217
644,val,ZS0033109433
645,val,ZS0033109433
646,val,ZS0033109433
659,val,ZS0033236073
662,val,ZS0033246003
663,val,ZS0033246003
664,val,ZS0033246164
672,val,ZS0033366720
680,val,ZS0033489670
681,val,ZS0033489670
682,val,ZS0033489670
686,val,ZS0033515723
687,val,ZS0033515723
688,val,ZS0033515723
690,val,ZS0033531199
691,val,ZS0033531199
692,val,ZS0033531199
703,val,ZS0033600732
704,val,ZS0033600732
705,val,ZS0033600732
706,val,ZS0033618677
707,val,ZS0033618677
715,val,ZS0033701230
716,val,ZS0033701230
718,val,ZS0033726564
719,val,ZS0033726564
721,val,ZS0033745391
737,val,ZS0033861805
738,val,ZS0033861805
741,val,ZS0033873716
742,val,ZS0033873716
753,val,ZS0033927286
754,val,ZS0033928568
755,val,ZS0033938048
769,val,ZS0034047255
770,val,ZS0034047255
791,val,ZS0034233932
792,val,ZS0034259306
809,val,ZS0034389251
826,val,ZS0034483571
827,val,ZS0034483571
829,val,ZS0034505590
841,val,ZS0034667542
850,val,ZS0034859376
877,val,ZS0035094257
886,val,ZS0035205175
894,val,ZS0035216903
895,val,ZS0035216903
900,val,ZS0035247999
901,val,ZS0035247999
906,val,ZS0035315099
936,val,ZS0035773621
937,val,ZS0035773621
941,val,ZS0035835312
942,val,ZS0035835312
943,val,ZS0035835312
951,val,ZS0035870693
952,val,ZS0035870693
955,val,ZS0035920890
956,val,ZS0035920890
968,val,ZS0035979671
969,val,ZS0035990327
970,val,ZS0035990327
992,val,ZS0036247837
1003,val,ZS0036321330
1004,val,ZS0036321330
1017,val,ZS0036626347
1020,val,ZS0036660264
1021,val,ZS0036673249
1029,val,ZS0036751736
1030,val,ZS0036751736
1035,val,ZS0036784611
1041,val,ZS0036806475
1042,val,ZS0036806475
1043,val,ZS0036806475
1066,val,ZS0036989752
1067,val,ZS0036989752
1085,val,ZS0037085248_1
1086,val,ZS0037085248_1
1100,val,ZS0037204872
1111,val,ZS0037223993
1112,val,ZS0037256796
1113,val,ZS0037256796
1116,val,ZS0037270690
1123,val,ZS0037361024
1124,val,ZS0037361024
1130,val,ZS0037408188
1131,val,ZS0037408188
1146,val,ZS0037573555
1147,val,ZS0037573555
1154,val,ZS0037666505
1155,val,ZS0037670778
1157,val,ZS0037707283
1163,val,ZS0037787176
1164,val,ZS0037787176
1194,val,ZS0037983030
1199,val,ZS0038014434
1200,val,ZS0038014434
1212,val,ZS0038083307
1213,val,ZS0038083307
1214,val,ZS0038083307
1228,val,ZS0038217070
1232,val,ZS0038231511_1
1235,val,ZS0038337617
1236,val,ZS0038337617
1238,val,ZS0038363939
1239,val,ZS0038363939
1240,val,ZS0038363939
1259,val,ZS0038518842
1260,val,ZS0038518842
1270,val,ZS0038622836
1271,val,ZS0038622836
1272,val,ZS0038622836
1284,val,ZS0038716317
1286,val,ZS0038755485
1307,val,ZS0038862501
1308,val,ZS0038864624
1309,val,ZS0038876950
1310,val,ZS0038876950
1311,val,ZS0038880046
1312,val,ZS0038880046
1323,val,ZS0038947545
1343,val,ZS0039023369
1358,val,ZS0039152400_1
1359,val,ZS0039152400_1
1391,val,ZS0039499303
1392,val,ZS0039499621
1393,val,ZS0039499621
1398,val,ZS0039536680
1399,val,ZS0039536680
1403,val,ZS0039569381
1404,val,ZS0039569381
1415,val,ZS0039664782
1429,val,ZS0039794816
1440,val,ZS0039870865
1442,val,ZS0039914892
1467,val,ZS0040080603
1468,val,ZS0040080603
1469,val,ZS0040080603
1472,val,ZS0040091224
1473,val,ZS0040091224
1477,val,ZS0040127901
1478,val,ZS0040127901
1486,val,ZS0040181906
1487,val,ZS0040181906
1495,val,ZS0040269751
1516,val,ZS0040455330
1517,val,ZS0040455330
1546,val,ZS0040593616
1548,val,ZS0040626495
1549,val,ZS0040626495
1574,val,ZS0040815727
1575,val,ZS0040815727
1576,val,ZS0040815727
1585,val,ZS0040890576_1
1586,val,ZS0040890576_1
1610,val,ZS0041044300
1654,val,ZS0041534720
1655,val,ZS0041534720
1656,val,ZS0041534720
1661,val,ZS0041620304
1668,val,ZS0041682967
1681,val,ZS0041814902
1691,val,ZS0041933990
1692,val,ZS0041933990
1697,val,ZS0041952949
1703,val,ZS0042001610
1743,val,ZS0042364397
1744,val,ZS0042364397
1745,val,ZS0042364397
1749,val,ZS0042421025
1750,val,ZS0042421025
1756,val,ZS0042542237
1757,val,ZS0042542237
1765,val,ZS0042595796
1766,val,ZS0042595796
1767,val,ZS0042595796
1768,val,ZS0042610582
1801,val,ZS0042840811
1815,val,ZS0042955554
1825,val,ZS0043093860
1826,val,ZS0043093860
1836,val,ZS0043370156
1841,val,ZS0043459381
1842,val,ZS0043459381
1843,val,ZS0043459381
1845,val,ZS0043523202
1846,val,ZS0043523202
1847,val,ZS0043523202
1848,val,ZS0043523202
1849,val,ZS0043523202
1862,val,ZS0043667402
1871,val,ZS0043763433
1872,val,ZS0043763433
1873,val,ZS0043763433
1881,val,ZS0043824600
1893,val,ZS0043874882
1894,val,ZS0043874882
1895,val,ZS0043874882
1897,val,ZS0043892982
1937,val,ZS0044650212
1938,val,ZS0044650212
1942,val,ZS0044731611
1945,val,ZS0044796098
1955,val,ZS0044960409
1956,val,ZS0044960409
1959,val,ZS0045039413
1972,val,ZS0045219579
1978,val,ZS0045469117
1979,val,ZS0045469117
1992,val,ZS0045728694
1993,val,ZS0045728694
2001,val,ZS0045752811
2002,val,ZS0045752811
2017,val,ZS0045888679
2022,val,ZS0045944371
2023,val,ZS0045952879
2024,val,ZS0045952879
2031,val,ZS0046021772
2037,val,ZS0046140066
2048,val,ZS0046336550
2049,val,ZS0046336550
2050,val,ZS0046336550
2066,val,ZS0046576550
2067,val,ZS0046576550
2073,val,ZS0046709296
2074,val,ZS0046709296
2075,val,ZS0046709296
2077,val,ZS0046742480
2088,val,ZS0047121788
2089,val,ZS0047121788
2090,val,ZS0047121788
2106,val,ZS0047431924
2111,val,ZS0047456493
2119,val,ZS0047530259
2120,val,ZS0047530259
2123,val,ZS0047556452_1
2127,val,ZS0047650264
2140,val,ZS0047826773
2143,val,ZS0047842566
2144,val,ZS0047859833
2145,val,ZS0047859833
2152,val,ZS0047953390
2159,val,ZS0048072638
2178,val,ZS0048472221
2179,val,ZS0048472221
2196,val,ZS0048811058
2201,val,ZS0049187392
31,test,ZS0026310097
32,test,ZS0026310097
45,test,ZS0026443947
49,test,ZS0026493223
50,test,ZS0026493223
51,test,ZS0026529974
52,test,ZS0026529974
68,test,ZS0026701114
69,test,ZS0026701114
70,test,ZS0026701114
71,test,ZS0026715865
72,test,ZS0026715865
78,test,ZS0026863794
79,test,ZS0026910402
80,test,ZS0026910402
81,test,ZS0026910402
83,test,ZS0026913959
86,test,ZS0026939464
87,test,ZS0026939464
90,test,ZS0026963326
91,test,ZS0026963326
95,test,ZS0026972216
105,test,ZS0027002131
106,test,ZS0027002131
107,test,ZS0027002131
109,test,ZS0027004355
119,test,ZS0027069734
127,test,ZS0027150289_1
129,test,ZS0027158208
130,test,ZS0027158208
133,test,ZS0027228921
134,test,ZS0027228921
135,test,ZS0027228921
141,test,ZS0027265836
166,test,ZS0027432251
175,test,ZS0027508531_1
176,test,ZS0027508531_1
181,test,ZS0027533284
182,test,ZS0027533284
187,test,ZS0027603061
188,test,ZS0027603061
192,test,ZS0027629483
206,test,ZS0027811203
219,test,ZS0027920301
258,test,ZS0028228772
274,test,ZS0028428181
281,test,ZS0028501140
282,test,ZS0028501140
284,test,ZS0028547004
285,test,ZS0028547004
290,test,ZS0028605717
291,test,ZS0028605717
292,test,ZS0028663897
305,test,ZS0028777758
306,test,ZS0028777758
316,test,ZS0028842375
322,test,ZS0028945520
325,test,ZS0028957976
326,test,ZS0028957976
327,test,ZS0028957976
349,test,ZS0029175019
350,test,ZS0029175019
351,test,ZS0029191207
352,test,ZS0029191207
353,test,ZS0029205604
366,test,ZS0029322385
367,test,ZS0029322385
369,test,ZS0029360792
370,test,ZS0029408783
388,test,ZS0029590577
390,test,ZS0029652260
391,test,ZS0029652260
400,test,ZS0029689857
401,test,ZS0029689857
402,test,ZS0029721324
407,test,ZS0029855806
408,test,ZS0029878238
409,test,ZS0029878238
414,test,ZS0029937328
415,test,ZS0029937328
416,test,ZS0029937328
427,test,ZS0030123102
435,test,ZS0030225246
436,test,ZS0030225246
437,test,ZS0030225246
440,test,ZS0030476178
441,test,ZS0030476178
446,test,ZS0030783306
452,test,ZS0031092372
460,test,ZS0031296784
461,test,ZS0031296784
463,test,ZS0031386797
464,test,ZS0031386797
473,test,ZS0031421755
478,test,ZS0031547884
479,test,ZS0031547884
480,test,ZS0031547884
484,test,ZS0031612356
485,test,ZS0031612356
486,test,ZS0031612356
489,test,ZS0031666721
490,test,ZS0031666721
497,test,ZS0031740604
498,test,ZS0031740604
499,test,ZS0031740604
500,test,ZS0031787424
501,test,ZS0031787424
511,test,ZS0031880947
512,test,ZS0031880947
516,test,ZS0031893987
517,test,ZS0031893987
523,test,ZS0031978071
524,test,ZS0031978071
525,test,ZS0031978071
539,test,ZS0032065209
540,test,ZS0032065209
547,test,ZS0032102955
560,test,ZS0032184428
561,test,ZS0032184428
572,test,ZS0032364266
575,test,ZS0032442452
576,test,ZS0032442452
577,test,ZS0032442452
590,test,ZS0032528938
593,test,ZS0032547224
594,test,ZS0032547224
595,test,ZS0032549595
596,test,ZS0032549595
597,test,ZS0032552017
599,test,ZS0032566641
600,test,ZS0032566641
605,test,ZS0032632516
609,test,ZS0032766125
611,test,ZS0032813168
613,test,ZS0032829875
614,test,ZS0032829875
615,test,ZS0032829875
625,test,ZS0032928242
626,test,ZS0032928242
627,test,ZS0032928242
632,test,ZS0032986597
637,test,ZS0033043277
641,test,ZS0033071225
642,test,ZS0033071225
700,test,ZS0033550429
701,test,ZS0033583277
702,test,ZS0033583277
710,test,ZS0033627061
711,test,ZS0033627061
717,test,ZS0033708833
723,test,ZS0033764531
724,test,ZS0033764531
727,test,ZS0033815822
735,test,ZS0033850006
736,test,ZS0033850006
747,test,ZS0033880187
748,test,ZS0033880187
784,test,ZS0034154357
785,test,ZS0034154357
793,test,ZS0034261093
794,test,ZS0034261093
824,test,ZS0034452239
825,test,ZS0034452239
830,test,ZS0034508737_1
831,test,ZS0034522472
839,test,ZS0034633890
840,test,ZS0034633890
844,test,ZS0034701616
845,test,ZS0034701616
846,test,ZS0034712629
849,test,ZS0034854053
863,test,ZS0035044133
875,test,ZS0035088337
876,test,ZS0035088337
885,test,ZS0035194674
890,test,ZS0035211029
891,test,ZS0035212442
892,test,ZS0035212442
893,test,ZS0035212442
896,test,ZS0035245132
897,test,ZS0035245132
898,test,ZS0035245132
902,test,ZS0035252920
909,test,ZS0035355217
910,test,ZS0035355217
920,test,ZS0035627547
921,test,ZS0035632818
935,test,ZS0035749626
938,test,ZS0035779358
944,test,ZS0035840933
962,test,ZS0035937669
963,test,ZS0035937669
971,test,ZS0036002921
973,test,ZS0036010703
982,test,ZS0036089672
983,test,ZS0036089672
987,test,ZS0036116345
990,test,ZS0036184619
991,test,ZS0036184619
996,test,ZS0036268717
1005,test,ZS0036326251
1006,test,ZS0036326251
1007,test,ZS0036349158
1008,test,ZS0036349158
1016,test,ZS0036549625
1028,test,ZS0036713945
1038,test,ZS0036804123
1039,test,ZS0036804123
1040,test,ZS0036804123
1046,test,ZS0036828668
1047,test,ZS0036828668
1049,test,ZS0036859117
1057,test,ZS0036895830
1058,test,ZS0036895830
1064,test,ZS0036988008
1065,test,ZS0036988008
1070,test,ZS0037019401
1071,test,ZS0037019401
1072,test,ZS0037019401
1082,test,ZS0037079545
1083,test,ZS0037083880
1084,test,ZS0037083880
1091,test,ZS0037102675
1093,test,ZS0037124130
1115,test,ZS0037267454
1125,test,ZS0037368024
1126,test,ZS0037368024
1135,test,ZS0037511018
1159,test,ZS0037739659
1162,test,ZS0037769426
1172,test,ZS0037860591
1173,test,ZS0037860591
1174,test,ZS0037860591
1175,test,ZS0037864074
1176,test,ZS0037864074
1181,test,ZS0037894381
1182,test,ZS0037894381
1183,test,ZS0037894381
1189,test,ZS0037920517
1195,test,ZS0037994215
1196,test,ZS0037994215
1210,test,ZS0038066961
1211,test,ZS0038079714
1216,test,ZS0038098470
1217,test,ZS0038098470
1218,test,ZS0038098470
1219,test,ZS0038098470
1223,test,ZS0038159991
1229,test,ZS0038217292
1230,test,ZS0038217292
1231,test,ZS0038217292
1241,test,ZS0038383820
1242,test,ZS0038383820
1248,test,ZS0038482920
1249,test,ZS0038482920
1253,test,ZS0038514571
1254,test,ZS0038514571
1255,test,ZS0038514571
1256,test,ZS0038517874
1257,test,ZS0038517874
1258,test,ZS0038517874
1273,test,ZS0038627696
1274,test,ZS0038627696
1275,test,ZS0038627696
1277,test,ZS0038669819
1278,test,ZS0038676284_1
1279,test,ZS0038680529
1280,test,ZS0038680529
1281,test,ZS0038680529
1304,test,ZS0038840930
1305,test,ZS0038856097
1306,test,ZS0038856097
1316,test,ZS0038932284
1317,test,ZS0038932284
1318,test,ZS0038932284
1328,test,ZS0038977824
1329,test,ZS0038977824
1331,test,ZS0038988734
1332,test,ZS0038988734
1333,test,ZS0038992278
1334,test,ZS0038992278
1351,test,ZS0039096540
1352,test,ZS0039096540
1353,test,ZS0039096540
1355,test,ZS0039137576
1366,test,ZS0039281259
1367,test,ZS0039281259
1376,test,ZS0039374793
1377,test,ZS0039374793
1378,test,ZS0039374793
1379,test,ZS0039374793
1380,test,ZS0039381262
1381,test,ZS0039381262
1387,test,ZS0039442730
1388,test,ZS0039461332
1389,test,ZS0039461332
1406,test,ZS0039579635
1424,test,ZS0039755029
1428,test,ZS0039787789
1433,test,ZS0039821206
1434,test,ZS0039821206
1435,test,ZS0039821206
1436,test,ZS0039821453
1439,test,ZS0039869228
1453,test,ZS0039961050
1454,test,ZS0039961050
1462,test,ZS0040046099
1463,test,ZS0040046099
1464,test,ZS0040046099
1476,test,ZS0040115637
1479,test,ZS0040148015
1480,test,ZS0040155279
1481,test,ZS0040155279
1482,test,ZS0040155279
1496,test,ZS0040271493
1503,test,ZS0040329909
1506,test,ZS0040375753
1522,test,ZS0040479637
1523,test,ZS0040479637
1527,test,ZS0040526204
1558,test,ZS0040679396
1561,test,ZS0040721328_1
1562,test,ZS0040743420
1563,test,ZS0040743420
1570,test,ZS0040778946
1571,test,ZS0040778946
1572,test,ZS0040782054
1588,test,ZS0040899971
1591,test,ZS0040906941
1592,test,ZS0040906941
1594,test,ZS0040916298
1595,test,ZS0040916298
1596,test,ZS0040916298
1599,test,ZS0040978580
1624,test,ZS0041205507
1625,test,ZS0041205507
1626,test,ZS0041232036
1627,test,ZS0041232036
1629,test,ZS0041248153
1630,test,ZS0041248153
1631,test,ZS0041248153
1635,test,ZS0041352623
1636,test,ZS0041352623
1637,test,ZS0041352623
1643,test,ZS0041383586
1644,test,ZS0041383586
1645,test,ZS0041383586
1650,test,ZS0041466797
1660,test,ZS0041617751
1662,test,ZS0041620309
1677,test,ZS0041719380
1678,test,ZS0041719380
1687,test,ZS0041895047
1688,test,ZS0041895047
1696,test,ZS0041947266
1704,test,ZS0042005286
1705,test,ZS0042005286
1706,test,ZS0042016750
1709,test,ZS0042030374
1710,test,ZS0042030374
1735,test,ZS0042203114
1738,test,ZS0042313947
1739,test,ZS0042313947
1751,test,ZS0042498469
1752,test,ZS0042513183
1753,test,ZS0042513183
1763,test,ZS0042593454
1764,test,ZS0042593454
1769,test,ZS0042617515
1775,test,ZS0042621207
1776,test,ZS0042621600
1777,test,ZS0042638492
1778,test,ZS0042638492
1779,test,ZS0042638492
1791,test,ZS0042753207
1792,test,ZS0042753207
1793,test,ZS0042753207
1798,test,ZS0042804137
1808,test,ZS0042871520
1809,test,ZS0042871520
1810,test,ZS0042903377
1816,test,ZS0042971199
1829,test,ZS0043199282
1858,test,ZS0043618703
1859,test,ZS0043618703
1860,test,ZS0043646083
1861,test,ZS0043646083
1874,test,ZS0043768920
1875,test,ZS0043768920
1880,test,ZS0043815530
1885,test,ZS0043838927
1898,test,ZS0043929326
1899,test,ZS0043966046
1923,test,ZS0044328724
1930,test,ZS0044616627
1931,test,ZS0044616627
1935,test,ZS0044649374
1936,test,ZS0044649374
1960,test,ZS0045050793
1961,test,ZS0045050793
1962,test,ZS0045050793
1964,test,ZS0045119362
1965,test,ZS0045119362
1973,test,ZS0045295771
1974,test,ZS0045300390
1983,test,ZS0045558559
1984,test,ZS0045558559
1996,test,ZS0045743700
1997,test,ZS0045743700
1998,test,ZS0045743700
2003,test,ZS0045757469
2004,test,ZS0045757469
2005,test,ZS0045757469
2013,test,ZS0045810346
2014,test,ZS0045810346
2015,test,ZS0045841792
2032,test,ZS0046037637
2046,test,ZS0046331924
2047,test,ZS0046331924
2051,test,ZS0046407980
2055,test,ZS0046434493
2070,test,ZS0046670838
2071,test,ZS0046670838
2072,test,ZS0046670838
2082,test,ZS0046880311
2097,test,ZS0047275103
2098,test,ZS0047275103
2109,test,ZS0047441877_2
2110,test,ZS0047441877_2
2112,test,ZS0047463675
2118,test,ZS0047513385
2124,test,ZS0047617819
2131,test,ZS0047725143
2132,test,ZS0047725143
2133,test,ZS0047725143
2137,test,ZS0047753607
2166,test,ZS0048190533
2167,test,ZS0048190533
2180,test,ZS0048486219
2181,test,ZS0048486219
2183,test,ZS0048586431
2185,test,ZS0048634308
2186,test,ZS0048634308
2187,test,ZS0048665286
2188,test,ZS0048665286
2189,test,ZS0048665286
2190,test,ZS0048665286
2195,test,ZS0048775381
2200,test,ZS0049097910
